step,type,amount,nameOrig,oldBalanceOrig,newBalanceOrig,clientID,oldBalanceDest,newBalanceDest,errorBalanceOrig,errorBalanceDest,AvgAmountOfTransaction,isFruad_result,location,clientName
2,1,1096187.24,77163673,1096187.24,0.0,644345897,0.0,1096187.24,0.0,0.0,595234.0069,1,Brazil,منيره القبيسي
144,1,258843.98,962416796,,,644345897,8788459.62,9047303.6,,0.0,595234.0069,0,Brazil,منيره القبيسي
159,1,150491.92,882466857,20864.0,0.0,644345897,9047303.6,9197795.52,129627.92,0.0,595234.0069,0,Brazil,منيره القبيسي
42,0,1023569.82,245083711,,,644345897,3579956.46,4634768.56,,-31242.28,595234.0069,0,Brazil,منيره القبيسي
12,1,1041647.06,169939918,1041647.06,0.0,1673501963,52730.33,1094377.39,0.0,2.33e-10,467980.7806,1,Sudan,إبراهيم العسيري
277,0,825809.86,898210591,234714.68,0.0,1673501963,8411608.41,9237418.28,591095.18,-0.01,467980.7806,0,Sudan,إبراهيم العسيري
164,0,892303.41,748900566,,,1673501963,7733036.67,8545945.16,,79394.92,467980.7806,0,Sudan,إبراهيم العسيري
131,1,398112.01,152574611,,,1673501963,5634457.24,5883420.01,,149149.24,467980.7806,0,Sudan,إبراهيم العسيري
36,0,1411493.93,1370897970,165929.47,0.0,1673501963,3523751.89,4935245.82,1245564.46,0.0,467980.7806,0,Sudan,إبراهيم العسيري
21,1,328219.53,845476961,,,1673501963,2974736.19,3302955.72,,-4.66e-10,467980.7806,0,Sudan,إبراهيم العسيري
8,1,222.0,1737727444,222.0,0.0,588779235,24708.0,171647.35,0.0,-146717.35,457057.6327,1,Germany,أيمن الظواهري
492,1,28122.64,1620489015,899356.0,871233.36,588779235,8742239.85,8770362.49,0.0,0.0,457057.6327,0,Germany,أيمن الظواهري
4,0,2930418.44,2047521920,2930418.44,0.0,449261773,-1.0,-1.0,0.0,2930418.44,2715078.5530000003,1,Yemen,مثنى الضاري
228,1,698212.62,2113345499,12847.0,0.0,449261773,15028945.82,15727158.44,685365.62,0.0,2715078.5530000003,0,Yemen,مثنى الضاري
36,1,36310.75,619325378,,,449261773,9811970.86,9848281.61,,0.0,2715078.5530000003,0,Yemen,مثنى الضاري
524,1,232315.43,1937012052,232315.43,0.0,1933153294,20819035.38,21051350.81,0.0,0.0,631987.875,1,United Kingdom,خالد الفواز
44,1,176543.31,1860044863,,,1933153294,6023099.4,6199642.71,,0.0,631987.875,0,United Kingdom,خالد الفواز
162,1,186489.62,959752819,,,1933153294,8505888.96,8692378.59,,-0.01,631987.875,0,United Kingdom,خالد الفواز
13,1,145910.6,1422648772,786002.05,640091.45,1933153294,3058810.04,3286042.24,-1.1599999999999999e-10,-81321.6,631987.875,0,United Kingdom,خالد الفواز
188,1,173583.75,1606651893,,,1933153294,9123394.0,9296977.75,,0.0,631987.875,0,United Kingdom,خالد الفواز
226,0,2118766.85,1391134428,,,1933153294,9078836.62,11197603.47,,-1.8600000000000002e-09,631987.875,0,United Kingdom,خالد الفواز
15,1,17873.79,679641238,,,1933153294,4405403.34,4423277.12,,0.01,631987.875,0,United Kingdom,خالد الفواز
236,1,45981.15,233655892,,,492841836,9355300.73,9401281.88,,0.0,368290.9543,0,Leba,يحيى العبيدي
148,1,677563.22,2082620262,677563.22,0.0,492841836,5725307.68,6402870.9,0.0,-9.31e-10,368290.9543,1,Leba,يحيى العبيدي
12,1,41998.0,1975487568,,,492841836,939897.77,981895.77,,0.0,368290.9543,0,Leba,يحيى العبيدي
403,1,65444.53,1867460408,,,492841836,9729102.28,9794546.81,,-1.8600000000000002e-09,368290.9543,0,Leba,يحيى العبيدي
188,0,274870.56,68324303,,,492841836,9809098.83,10083969.39,,0.0,368290.9543,0,Leba,يحيى العبيدي
180,0,1694174.88,659617357,,,492841836,6635306.3,8329481.19,,-0.010000001,368290.9543,0,Leba,يحيى العبيدي
41,0,267092.25,182353570,,,41792607,3740604.86,4414271.36,,-406574.25,276985.0894,0,Spain,إبراهيم السامرائي
6,0,25975.86,864622150,25975.86,0.0,41792607,-1.0,-1.0,0.0,25975.86,276985.0894,1,Spain,إبراهيم السامرائي
20,1,122627.06,984182246,,,41792607,2388961.92,3120479.62,,-608890.64,276985.0894,0,Spain,إبراهيم السامرائي
253,1,34961.21,914888118,,,41792607,6750809.23,6785770.44,,0.0,276985.0894,0,Spain,إبراهيم السامرائي
326,1,283147.79,376866582,,,41792607,6972485.02,7255632.8,,0.01,276985.0894,0,Spain,إبراهيم السامرائي
71,1,62091.44,979329781,62091.44,0.0,1938348365,6296058.91,6358150.35,0.0,9.31e-10,294714.8685,1,Australia,عثمان الغامدي
514,0,74981.43,1356963704,,,1938348365,7856779.65,7931761.08,,0.0,294714.8685,0,Australia,عثمان الغامدي
8,1,130331.41,350765673,28101.0,0.0,1938348365,854916.91,1992071.23,102230.41,-1006822.91,294714.8685,0,Australia,عثمان الغامدي
9,1,27337.61,1379300988,,,1938348365,1964733.62,1992071.23,,2.33e-10,294714.8685,0,Australia,عثمان الغامدي
129,1,62678.05,230193911,,,1938348365,6358150.35,6420828.39,,0.01,294714.8685,0,Australia,عثمان الغامدي
22,1,552874.41,1102911417,,,1966002811,1673037.92,2225912.33,,0.0,289062.3929,0,Yemen,حجاج العجمي
394,1,260589.99,1238270977,,,1966002811,6472011.63,6732601.62,,0.0,289062.3929,0,Yemen,حجاج العجمي
212,0,578037.27,580040632,,,1966002811,3880696.36,4271125.97,,187607.66,289062.3929,0,Yemen,حجاج العجمي
140,1,132051.77,267425678,390.0,0.0,1966002811,2493721.09,2625772.87,131661.77,-0.01,289062.3929,0,Yemen,حجاج العجمي
13,1,1161495.82,165094398,1161495.82,0.0,1966002811,319036.02,1565123.81,0.0,-84591.97,289062.3929,1,Yemen,حجاج العجمي
15,0,182336.83,1137187136,,,1966002811,1822190.1,2004526.93,,2.33e-10,289062.3929,0,Yemen,حجاج العجمي
38,1,113839.25,1392575561,56.0,0.0,1966002811,2648520.06,2762359.31,113783.25,0.0,289062.3929,0,Yemen,حجاج العجمي
251,1,116124.58,1359081507,,,1966002811,4271900.33,4388024.92,,-0.01,289062.3929,0,Yemen,حجاج العجمي
141,0,575798.6,459688326,,,1677375515,4895822.48,5471621.08,,0.0,631044.7467,0,Yemen,جمال عكاشة
64,1,3097121.75,1563094045,3097121.75,0.0,1677375515,0.0,3097121.75,0.0,0.0,631044.7467,1,Yemen,جمال عكاشة
9,1,110983.81,251187917,20843.0,0.0,1677375515,7734.0,186006.5,90140.81,-67288.69,631044.7467,0,Yemen,جمال عكاشة
181,1,66957.61,1020363914,,,1677375515,5436388.18,5503345.79,,0.0,631044.7467,0,Yemen,جمال عكاشة
157,1,306375.92,1921142478,6572.0,0.0,1677375515,5833466.05,6139841.97,299803.92,0.0,631044.7467,0,Yemen,جمال عكاشة
14,1,12725.37,410236703,,,127509847,114262.3,126987.68,,-0.01,212429.4295,0,Denmark,محمد الكاشف
46,0,658087.44,2058907314,,,127509847,1078640.45,1736727.89,,0.0,212429.4295,0,Denmark,محمد الكاشف
12,1,2007.0,1331829443,2007.0,0.0,127509847,129917.8,250910.76,0.0,-118985.96,212429.4295,1,Denmark,محمد الكاشف
13,1,95082.23,554676081,13407.0,0.0,127509847,340150.85,250910.76,81675.23,184322.32,212429.4295,0,Denmark,محمد الكاشف
9,1,29716.63,279726651,,,127509847,205913.07,0.0,,235629.7,212429.4295,0,Denmark,محمد الكاشف
17,1,47854.4,934558632,,,127509847,152310.17,200164.57,,0.0,212429.4295,0,Denmark,محمد الكاشف
56,1,829885.13,1179900921,829885.13,0.0,2021579766,13276462.12,14106347.25,0.0,0.0,386137.4519,1,Lebanon,مريم شعواني          
251,1,338811.17,1642661811,50903.0,0.0,864078397,3764100.08,4102911.26,287908.17,-0.01,255058.4536,0,Tunisia, مسلم الصيعري 
13,0,458820.65,758491769,,,864078397,1532908.89,2788999.9,,-797270.36,255058.4536,0,Tunisia, مسلم الصيعري 
10,1,515046.94,1547015781,,,864078397,1034224.32,1420371.84,,128899.42,255058.4536,0,Tunisia, مسلم الصيعري 
8,1,1996.17,858959216,1996.17,0.0,864078397,2559.74,4555.92,0.0,-0.01,255058.4536,1,Tunisia, مسلم الصيعري 
160,1,174125.28,1157707654,,,864078397,2654471.32,2828596.6,,-4.66e-10,255058.4536,0,Tunisia, مسلم الصيعري 
8,0,582768.42,1825821836,31917.0,0.0,1589547066,0.0,582768.42,550851.42,0.0,457165.7096,0,Denmark, علي ال مهري
42,1,134614.32,148438230,105903.0,0.0,1589547066,9830628.49,9965242.81,28711.32,0.0,457165.7096,0,Denmark, علي ال مهري
9,1,308720.74,281538906,,,1589547066,4463905.63,7013312.36,,-2240685.99,457165.7096,0,Denmark, علي ال مهري
9,0,1644911.92,1061650366,,,1589547066,4772626.37,7013312.36,,-595774.07,457165.7096,0,Denmark, علي ال مهري
13,0,1345302.91,1987363694,,,1589547066,7663890.48,9197439.76,,-188246.37,457165.7096,0,Denmark, علي ال مهري
227,1,178297.04,459311015,,,1589547066,12101459.91,12279756.94,,0.01,457165.7096,0,Denmark, علي ال مهري
42,1,354919.73,1433657966,7240.0,0.0,1589547066,9475708.76,9965242.81,347679.73,-134614.32,457165.7096,0,Denmark, علي ال مهري
6,0,17320.91,788790720,17320.91,0.0,1589547066,-1.0,-1.0,0.0,17320.91,457165.7096,1,Denmark, علي ال مهري
298,1,336835.63,2093407084,31080.0,0.0,1589547066,12318730.21,12655565.84,305755.63,1.8600000000000002e-09,457165.7096,0,Denmark, علي ال مهري
15,1,289272.98,936304413,,,2119910556,1336934.24,1626207.22,,0.0,318981.2591,0,Ghana, علي الزهراني  
161,1,251843.52,1066677953,,,2119910556,5069451.6,5321295.12,,-9.31e-10,318981.2591,0,Ghana, علي الزهراني  
129,1,220129.2,412607057,,,2119910556,3905869.73,4125998.93,,0.0,318981.2591,0,Ghana, علي الزهراني  
448,0,425699.21,223159057,80588.04,0.0,2119910556,12982537.73,13408236.94,345111.17,1.8600000000000002e-09,318981.2591,0,Ghana, علي الزهراني  
7,0,164.0,1455969984,164.0,0.0,2119910556,-1.0,-1.0,0.0,164.0,318981.2591,1,Ghana, علي الزهراني  
138,1,50131.06,1368127367,,,2119910556,4125998.93,4176129.98,,0.01,318981.2591,0,Ghana, علي الزهراني  
20,1,90724.49,651419722,11538.0,0.0,2119910556,3718461.88,3809186.36,79186.49,0.01,318981.2591,0,Ghana, علي الزهراني  
133,1,35753.46,2132500953,,,814886797,7184244.39,7219997.86,,-0.010000001,418392.6729,0,Iran, هادي اليامي 
37,1,239884.07,1643547602,,,814886797,4434570.54,4668069.42,,6385.19,418392.6729,0,Iran, هادي اليامي 
96,0,1737382.87,940669668,11238.59,0.0,814886797,5663920.63,7401303.5,1726144.28,0.0,418392.6729,0,Iran, هادي اليامي 
51,1,115881.21,819461207,115881.21,0.0,814886797,4774288.04,4890169.26,0.0,-0.01,418392.6729,1,Iran, هادي اليامي 
492,1,438406.4,1265392759,3581.0,0.0,814886797,10245939.19,10684345.59,434825.4,0.0,418392.6729,0,Iran, هادي اليامي 
16,0,119773.69,1087497789,,,814886797,4180418.17,4300191.86,,0.0,418392.6729,0,Iran, هادي اليامي 
22,1,164803.43,1930442304,,,558976656,4968647.43,5133450.87,,-0.010000001,188655.35,0,United States,عبدالله الشهراني
117,1,251621.18,1370708725,251621.18,0.0,558976656,8078266.37,8329887.55,0.0,0.0,188655.35,1,United States,عبدالله الشهراني
153,0,526401.08,790898862,,,558976656,8317392.25,8843793.33,,0.0,188655.35,0,United States,عبدالله الشهراني
13,1,183492.81,720837491,8092.0,0.0,558976656,4609528.73,4793021.54,175400.81,0.0,188655.35,0,United States,عبدالله الشهراني
8,1,301493.65,1475566767,160128.05,0.0,1181708889,603771.5,684138.15,141365.6,221127.0,605387.6065,0,Botswana,علي اليامي
9,1,59815.38,1341144665,,,1181708889,1774247.95,1968562.19,,-134498.86,605387.6065,0,Botswana,علي اليامي
8,1,275588.21,690646269,,,1181708889,1032826.01,684138.15,,624276.07,605387.6065,0,Botswana,علي اليامي
11,1,254963.49,648374742,100010.0,0.0,1181708889,3345082.8,3600046.29,154953.49,0.0,605387.6065,0,Botswana,علي اليامي
178,1,340286.15,420487260,13336.0,0.0,1181708889,12999005.23,13339291.38,326950.15,0.0,605387.6065,0,Botswana,علي اليامي
9,1,100866.06,1137188473,,,1181708889,684138.15,1114517.69,,-329513.48,605387.6065,0,Botswana,علي اليامي
25,1,217231.0,1847744332,217231.0,0.0,1181708889,7236671.1,7453902.1,0.0,0.0,605387.6065,1,Botswana,علي اليامي
10,1,269502.41,1694299929,11618.0,0.0,1769042905,9453.64,408363.44,257884.41,-129407.39,136637.0162,0,Kuwait,فاطمه اليامي 
159,0,398761.28,1607704966,113369.0,0.0,1769042905,1618303.25,2017064.53,285392.28,0.0,136637.0162,0,Kuwait,فاطمه اليامي 
9,1,361559.69,684758020,361559.69,0.0,1769042905,504667.31,189441.24,0.0,676785.76,136637.0162,1,Kuwait,فاطمه اليامي 
11,1,105345.35,312513865,,,1769042905,408363.44,513708.79,,5.8200000000000003e-11,136637.0162,0,Kuwait,فاطمه اليامي 
10,0,2594904.29,601869500,3379718.93,784814.64,185805228,5321241.06,7916145.35,0.0,0.0,501743.9623,0,Lebanon, عيد بالحارث
136,0,848104.35,1499494331,,,185805228,11065423.2,11913527.55,,-1.8600000000000002e-09,501743.9623,0,Lebanon, عيد بالحارث
131,1,251710.82,1270254258,,,185805228,10266275.85,10517986.67,,0.0,501743.9623,0,Lebanon, عيد بالحارث
18,1,295664.18,1446413189,295664.18,0.0,185805228,10184336.54,10480000.72,0.0,-1.8600000000000002e-09,501743.9623,1,Lebanon, عيد بالحارث
210,1,100186.71,129549927,20363.0,0.0,185805228,11857612.91,11957799.62,79823.71,1.8600000000000002e-09,501743.9623,0,Lebanon, عيد بالحارث
7,0,1106508.19,1807775584,,,991505714,8399965.38,13994753.4,,-4488279.83,721030.0467,0,Democratic People's Republic of Korea,محمد المهري 
2,0,170610.11,470187021,,,991505714,1095914.71,1066634.1,,199890.72,721030.0467,0,Democratic People's Republic of Korea,محمد المهري 
7,0,2861134.92,1326904973,,,991505714,5352935.74,13994753.4,,-5780682.74,721030.0467,0,Democratic People's Republic of Korea,محمد المهري 
2,1,132382.57,1003663195,2408.0,0.0,991505714,0.0,1095914.71,129974.57,-963532.14,721030.0467,0,Democratic People's Republic of Korea,محمد المهري 
2,1,963532.14,430329518,963532.14,0.0,991505714,132382.57,1095914.71,0.0,0.0,721030.0467,1,Democratic People's Republic of Korea,محمد المهري 
11,0,553116.85,1479771322,,,991505714,17056642.7,17609759.55,,0.0,721030.0467,0,Democratic People's Republic of Korea,محمد المهري 
6,1,122380.82,412255839,12505.98,0.0,991505714,1924870.22,5352935.74,109874.84,-3305684.7,721030.0467,0,Democratic People's Republic of Korea,محمد المهري 
9,1,286809.65,453263261,,,991505714,13994753.4,14562439.23,,-280876.18,721030.0467,0,Democratic People's Republic of Korea,محمد المهري 
8,0,3457807.35,129339892,,,991505714,9506473.57,13994753.4,,-1030472.48,721030.0467,0,Democratic People's Republic of Korea,محمد المهري 
14,0,301990.78,2019909612,11291.0,0.0,157591472,1726323.65,2800028.46,290699.78,-771714.03,426154.6226,0,Ghana,سايره آل منصور 
589,0,805825.5,450921412,,,157591472,7514723.75,8320549.25,,0.0,426154.6226,0,Ghana,سايره آل منصور 
10,1,289249.84,734065969,44550.84,0.0,157591472,323681.18,612931.02,244699.0,0.0,426154.6226,0,Ghana,سايره آل منصور 
12,1,288029.01,715529727,,,157591472,741893.16,1029922.17,,0.0,426154.6226,0,Ghana,سايره آل منصور 
8,1,59063.69,681872175,,,157591472,449131.58,508195.26,,0.01,426154.6226,0,Ghana,سايره آل منصور 
43,1,141709.67,392406590,,,157591472,3829747.03,3971456.7,,-4.66e-10,426154.6226,0,Ghana,سايره آل منصور 
140,1,63094.04,879600432,11561.0,0.0,157591472,4127558.79,4190652.82,51533.04,0.01,426154.6226,0,Ghana,سايره آل منصور 
17,1,206788.14,1847403742,,,157591472,2917953.8,3124741.95,,-0.01,426154.6226,0,Ghana,سايره آل منصور 
11,1,313418.28,2021456831,313418.28,0.0,157591472,688164.64,1029922.17,0.0,-28339.25,426154.6226,1,Ghana,سايره آل منصور 
13,0,191683.01,748286413,,,305934,4283054.99,4474738.01,,-0.01,508181.7109,0,United States,سعد ال مسفوه
16,1,168884.22,2066991634,20665.0,0.0,305934,4438900.06,4497603.36,148219.22,110180.92,508181.7109,0,United States,سعد ال مسفوه
15,1,348101.95,1803442147,264.0,0.0,305934,4039039.66,4438900.06,347837.95,-51758.45,508181.7109,0,United States,سعد ال مسفوه
11,1,272851.65,1390118541,378466.66,105615.01,305934,3722486.9,3995338.54,5.8200000000000003e-11,0.01,508181.7109,0,United States,سعد ال مسفوه
11,0,752793.73,140206620,38680.38,0.0,305934,2969693.17,3995338.54,714113.35,-272851.64,508181.7109,0,United States,سعد ال مسفوه
11,1,364877.55,908783576,84845.52,0.0,1270516,1264812.44,1806529.0,280032.03,-176839.01,519067.7212,0,South Africa,  ظافر الفطيح 
15,1,316247.55,221074535,924.0,0.0,1270516,6606883.55,6923131.09,315323.55,0.01,519067.7212,0,South Africa,  ظافر الفطيح 
12,1,292912.28,2113597755,,,1270516,1806529.0,2099441.29,,-0.01,519067.7212,0,South Africa,  ظافر الفطيح 
18,1,101605.32,38040652,9980.0,0.0,1270516,7366335.04,7525340.29,91625.32,-57399.93,519067.7212,0,South Africa,  ظافر الفطيح 
11,1,457980.23,1952605049,,,1270516,806832.21,1806529.0,,-541716.56,519067.7212,0,South Africa,  ظافر الفطيح 
12,0,1412977.1,227958148,,,1270516,2099441.29,4817025.71,,-1304607.32,519067.7212,0,South Africa,  ظافر الفطيح 
590,1,294075.09,1818277728,58097.0,0.0,1270516,15479797.64,15773872.73,235978.09,0.0,519067.7212,0,South Africa,  ظافر الفطيح 
138,1,233191.57,236845087,,,1946788,8063047.26,8296238.83,,0.0,472766.1778,0,Spain,  جارالله القحطاني 
226,0,1825446.46,1934033743,,,1946788,8130527.83,9955974.29,,0.0,472766.1778,0,Spain,  جارالله القحطاني 
20,1,185395.41,784487253,,,1946788,8592430.77,8831707.86,,-53881.68,472766.1778,0,Spain,  جارالله القحطاني 
306,1,209662.53,1904656648,1904.0,0.0,1946788,10294631.98,10504294.51,207758.53,0.0,472766.1778,0,Spain,  جارالله القحطاني 
256,1,416030.26,1919500725,20813.0,0.0,1946788,9955974.29,10372004.55,395217.26,-1.8600000000000002e-09,472766.1778,0,Spain,  جارالله القحطاني 
9,1,172065.77,463569854,28134.0,0.0,2349554,0.0,172065.77,143931.77,0.0,702000.1143,0,Sweden,  عبدالله الهمامي 
40,1,173053.65,1390698894,56.76,0.0,2349554,4888463.01,5061516.67,172996.89,-0.01,702000.1143,0,Sweden,  عبدالله الهمامي 
13,0,1360846.23,1003473612,493.0,0.0,2349554,517860.13,1878706.36,1360353.23,-2.33e-10,702000.1143,0,Sweden,  عبدالله الهمامي 
157,1,557836.47,2024263636,,,2349554,6160248.24,6718084.72,,-0.01,702000.1143,0,Sweden,  عبدالله الهمامي 
256,1,171157.66,1888221318,29151.0,0.0,6227323,6441898.64,6613056.29,142006.66,0.01,453622.6525,0,Yemen,  حسن عسيري
42,0,477640.2,717071647,,,6227323,1328676.72,1806316.92,,0.0,453622.6525,0,Yemen,  حسن عسيري
179,0,1960752.72,793998651,,,6227323,4550518.8,6511271.52,,0.0,453622.6525,0,Yemen,  حسن عسيري
19,0,487321.59,2019208332,1242.0,0.0,6227323,1084052.11,1571373.71,486079.59,-0.01,453622.6525,0,Yemen,  حسن عسيري
21,1,62269.14,97237396,,,6227323,1571373.71,1633642.85,,-2.33e-10,453622.6525,0,Yemen,  حسن عسيري
45,1,121071.69,1938303547,,,6227323,1792991.24,1914062.93,,0.0,453622.6525,0,Yemen,  حسن عسيري
331,0,471286.59,1122725348,,,6227323,9904950.12,10376236.71,,-1.8600000000000002e-09,453622.6525,0,Yemen,  حسن عسيري
11,1,381304.86,853974020,,,6227323,827363.27,1639851.02,,-431182.89,453622.6525,0,Yemen,  حسن عسيري
11,1,83313.81,1639175123,,,6227323,744049.46,827363.27,,0.0,453622.6525,0,Yemen,  حسن عسيري
10,1,292563.1,1896098707,219030.43,0.0,6227323,127741.6,827363.27,73532.67,-407058.57,453622.6525,0,Yemen,  حسن عسيري
11,1,310828.8,72578423,521985.39,211156.59,7881234,3208759.7,3649353.41,0.0,-129764.91,284757.8019,0,Saudi Arabia,مسفر اليامي 
12,1,274533.74,1387158486,,,7881234,4376964.12,4674598.83,,-23100.97,284757.8019,0,Saudi Arabia,مسفر اليامي 
13,0,492421.06,1719690642,,,7881234,4182177.78,4674598.83,,0.01,284757.8019,0,Saudi Arabia,مسفر اليامي 
15,0,1007862.06,760565080,,,7881234,5206579.27,6214441.33,,0.0,284757.8019,0,Saudi Arabia,مسفر اليامي 
12,1,526166.43,1535506016,183.0,0.0,7881234,3850797.69,4376964.12,525983.43,0.0,284757.8019,0,Saudi Arabia,مسفر اليامي 
204,1,182513.94,1885356624,,,7881234,8831844.46,9014358.4,,0.0,284757.8019,0,Saudi Arabia,مسفر اليامي 
399,1,2457.47,1326804945,31252.0,28794.53,7881234,8791755.55,8794213.01,0.0,0.010000002,284757.8019,0,Saudi Arabia,مسفر اليامي 
11,1,81581.58,846009191,,,7881234,3127178.12,3649353.41,,-440593.71,284757.8019,0,Saudi Arabia,مسفر اليامي 
8,1,186966.07,483516546,,,7881234,1403713.74,1100454.23,,490225.58,284757.8019,0,Saudi Arabia,مسفر اليامي 
140,0,555211.48,862483185,,,8290162,12430382.61,12985594.09,,0.0,1900295.5690000001,0,Morocco,  محمد القحطاني 
8,1,363632.3,1908550070,,,8290162,6490528.07,6650282.66,,203877.71,1900295.5690000001,0,Morocco,  محمد القحطاني 
11,0,1160658.39,1713295326,49768.0,0.0,8290162,9473915.45,10725339.43,1110890.39,-90765.59,1900295.5690000001,0,Morocco,  محمد القحطاني 
8,0,849677.13,1254679251,102639.0,0.0,8290162,5171482.83,6650282.66,747038.13,-629122.7,1900295.5690000001,0,Morocco,  محمد القحطاني 
402,1,46846.64,655710822,,,8290162,90275078.76,90321925.4,,0.0,1900295.5690000001,0,Morocco,  محمد القحطاني 
139,1,174607.44,308898914,,,8290162,12255775.17,12430382.61,,0.0,1900295.5690000001,0,Morocco,  محمد القحطاني 
15,1,143357.61,1800383968,20016.0,0.0,8290162,10160868.99,10909998.76,123341.61,-605772.16,1900295.5690000001,0,Morocco,  محمد القحطاني 
159,1,47950.68,378253982,,,8540189,6637325.83,6685276.52,,-0.01,589180.0169,0,Iraq,  حمد الشراري
10,0,559786.99,1912575489,,,8540189,2839843.34,3399630.33,,0.0,589180.0169,0,Iraq,  حمد الشراري
11,1,413146.42,1040597044,29944.0,0.0,8540189,3024001.87,3437148.29,383202.42,0.0,589180.0169,0,Iraq,  حمد الشراري
11,1,69711.52,1428559681,,,8540189,2954290.36,3437148.29,,-413146.41,589180.0169,0,Iraq,  حمد الشراري
13,0,164307.23,1236444076,,,8540189,4746762.5,4911069.73,,0.0,589180.0169,0,Iraq,  حمد الشراري
9,0,2810031.85,1903104117,31174.0,0.0,8540189,29811.48,3399630.33,2778857.85,-559787.0,589180.0169,0,Iraq,  حمد الشراري
299,0,9508076.11,1649771755,,,11003494,24321152.25,33829228.37,,-0.009999998000000001,856266.3422,0,United Arab Emirates,جميلة	المهدوي
38,1,91065.71,1609051421,,,11003494,21370373.19,22653212.71,,-1191773.81,856266.3422,0,United Arab Emirates,جميلة	المهدوي
9,0,866965.71,424501244,,,11003494,15487289.9,16792645.39,,-438389.78,856266.3422,0,United Arab Emirates,جميلة	المهدوي
15,1,209791.07,816731486,169478.0,0.0,11003494,18513022.21,18432088.13,40313.07,290725.15,856266.3422,0,United Arab Emirates,جميلة	المهدوي
6,1,147459.35,1922920162,,,11003494,11590178.72,11919932.15,,-182294.08,856266.3422,0,United Arab Emirates,جميلة	المهدوي
7,0,1284837.02,882280168,541387.8,0.0,11003494,13741343.06,15026180.08,743449.22,0.0,856266.3422,0,United Arab Emirates,جميلة	المهدوي
9,1,88550.77,1699230472,81775.0,0.0,11003494,16704094.63,16792645.39,6775.77,0.010000002,856266.3422,0,United Arab Emirates,جميلة	المهدوي
9,1,349839.02,1728170657,,,11003494,16354255.61,16792645.39,,-88550.76,856266.3422,0,United Arab Emirates,جميلة	المهدوي
20,0,389524.43,1806584312,,,12387149,2530217.87,2919742.31,,-0.01,436048.0967,0,Germany,  عبدالمحسن الشراري 
134,1,217229.37,1237529208,,,12387149,3528922.11,3746151.48,,0.0,436048.0967,0,Germany,  عبدالمحسن الشراري 
19,1,316095.27,2063804816,,,12387149,2522470.09,2530217.87,,308347.49,436048.0967,0,Germany,  عبدالمحسن الشراري 
36,0,227569.05,5509258,,,12387149,3161893.77,3389462.83,,-0.01,436048.0967,0,Germany,  عبدالمحسن الشراري 
686,1,307760.2,1918694747,121579.0,0.0,12387149,7640377.85,7948138.05,186181.2,0.0,436048.0967,0,Germany,  عبدالمحسن الشراري 
15,1,81098.69,1281496169,,,12387149,1972009.8,2053108.49,,0.0,436048.0967,0,Germany,  عبدالمحسن الشراري 
13,1,508168.46,2102353250,10710.0,0.0,12387149,912539.95,1047405.53,497458.46,373302.88,436048.0967,0,Germany,  عبدالمحسن الشراري 
12,1,326578.42,1960542098,64795.0,0.0,12387149,585961.53,1047405.53,261783.42,-134865.58,436048.0967,0,Germany,  عبدالمحسن الشراري 
10,1,98359.55,1225237195,15680.0,0.0,13459888,63014.01,161373.57,82679.55,-0.01,411156.3613,0,Mexico,عبدالرحمن الشراري
16,1,27849.57,1102498999,,,13459888,816247.93,690109.88,,153987.62,411156.3613,0,Mexico,عبدالرحمن الشراري
18,1,255149.3,975602089,219816.63,0.0,13459888,844231.18,1099380.48,35332.67,0.0,411156.3613,0,Mexico,عبدالرحمن الشراري
37,1,60084.96,1512856421,30388.0,0.0,13459888,896510.87,956595.82,29696.96,0.01,411156.3613,0,Mexico,عبدالرحمن الشراري
253,1,142253.59,1002730716,423.0,0.0,13459888,5600402.52,5742656.11,141830.59,-9.31e-10,411156.3613,0,Mexico,عبدالرحمن الشراري
9,1,78553.06,2016039630,464.0,0.0,13459888,20559.0,161373.57,78089.06,-62261.51,411156.3613,0,Mexico,عبدالرحمن الشراري
12,1,331419.75,1067716870,,,14070792,855109.14,1186528.88,,0.01,212543.8694,0,Trinidad and Tobago,مدالله الشراري 
258,1,90776.29,151712453,,,14070792,4072776.46,4163552.76,,-0.01,212543.8694,0,Trinidad and Tobago,مدالله الشراري 
164,1,296836.61,1071113455,,,14070792,2543045.19,2839881.8,,0.0,212543.8694,0,Trinidad and Tobago,مدالله الشراري 
18,1,212836.6,2092453620,,,14070792,2660054.89,2498571.15,,374320.34,212543.8694,0,Trinidad and Tobago,مدالله الشراري 
285,0,596721.86,285253774,,,14070792,4434007.39,5030729.25,,0.0,212543.8694,0,Trinidad and Tobago,مدالله الشراري 
13,1,267229.8,186246158,,,14070792,1211439.33,1654242.01,,-175572.88,212543.8694,0,Trinidad and Tobago,مدالله الشراري 
10,1,274130.78,1095237130,,,14376585,6495410.58,8328525.51,,-1558984.15,445708.4145,0,Leba,زيد الحمزي 
10,1,344987.95,1177950725,,,14376585,7983537.55,8328525.51,,-0.01,445708.4145,0,Leba,زيد الحمزي 
41,1,57265.41,401160487,30360.0,0.0,14376585,15188923.29,15246188.7,26905.41,0.0,445708.4145,0,Leba,زيد الحمزي 
16,1,162282.98,651613616,,,14376585,8661150.41,9897108.9,,-1073675.51,445708.4145,0,Leba,زيد الحمزي 
20,1,18518.92,766033731,5127.08,0.0,14376585,11078685.16,11097204.08,13391.84,0.0,445708.4145,0,Leba,زيد الحمزي 
34,0,817459.48,551184347,,,14376585,12905091.08,13882555.91,,-160005.35,445708.4145,0,Leba,زيد الحمزي 
285,0,14952384.84,318991639,,,14440699,15969676.45,30922061.29,,0.0,1407696.6819999998,0,Syria,  فهد الشراري 
10,1,25199.28,947951919,,,14440699,11660982.24,12649389.22,,-963207.7,1407696.6819999998,0,Syria,  فهد الشراري 
134,1,228631.74,483551973,,,14440699,14442497.64,14671129.38,,0.0,1407696.6819999998,0,Syria,  فهد الشراري 
159,1,176330.29,1702013851,,,14440699,14804147.58,14980477.87,,0.0,1407696.6819999998,0,Syria,  فهد الشراري 
10,0,677908.73,1324547987,11568.0,0.0,14440699,11105229.55,11660982.24,666340.73,122156.04,1407696.6819999998,0,Syria,  فهد الشراري 
18,1,71085.47,1182037338,,,14440699,13553969.68,13625055.15,,0.0,1407696.6819999998,0,Syria,  فهد الشراري 
8,1,33810.17,440917499,,,15597197,63658.3,97468.47,,0.0,291180.2682,0,Jordan,نوره القرني          
37,1,79860.07,633144425,,,15597197,2363489.62,2443349.69,,0.0,291180.2682,0,Jordan,نوره القرني          
584,0,327630.09,42781601,13594.72,0.0,15597197,8790136.44,9117766.52,314035.37,0.01,291180.2682,0,Jordan,نوره القرني          
44,1,136381.55,1691627967,62642.0,0.0,15597197,2487383.41,2623764.96,73739.55,0.0,291180.2682,0,Jordan,نوره القرني          
163,1,62356.84,1618276915,128774.16,66417.33,15597197,6036962.74,6099319.58,0.01,0.0,291180.2682,0,Jordan,نوره القرني          
188,1,177128.79,535957306,166407.0,0.0,16549036,5095315.19,5272443.98,10721.79,0.0,357267.7165,0,Tunisia,صالح الشراري 
34,0,551310.63,1989696217,,,16549036,3416846.7,3968157.33,,0.0,357267.7165,0,Tunisia,صالح الشراري 
379,0,2863926.85,920535129,,,16549036,5661274.15,8525200.99,,0.01,357267.7165,0,Tunisia,صالح الشراري 
15,1,103250.66,1707381312,225213.87,121963.2,16549036,1668760.07,2574901.78,-0.01,-802891.05,357267.7165,0,Tunisia,صالح الشراري 
14,1,18174.07,458033078,,,16549036,1189915.55,1208089.61,,0.01,357267.7165,0,Tunisia,صالح الشراري 
14,0,273654.7,992617847,,,16549036,1213486.15,2574901.78,,-1087760.93,357267.7165,0,Tunisia,صالح الشراري 
11,1,202781.54,1057974690,,,16549036,289051.66,230798.88,,261034.32,357267.7165,0,Tunisia,صالح الشراري 
228,1,106803.2,197307604,205.0,0.0,16549036,5069744.38,5176547.58,106598.2,0.0,357267.7165,0,Tunisia,صالح الشراري 
375,1,269375.8,1142008664,239.0,0.0,17441754,5719640.92,5989016.72,269136.8,0.0,340070.6007,0,Mexico,حسين العجم
10,0,657885.44,1954303635,,,17441754,3473015.26,3860131.12,,270769.58,340070.6007,0,Mexico,حسين العجم
158,1,326270.88,1759825255,,,17441754,5617257.98,5943528.86,,0.0,340070.6007,0,Mexico,حسين العجم
250,1,65781.9,540426913,,,17441754,5769416.81,5835198.71,,0.0,340070.6007,0,Mexico,حسين العجم
9,1,555004.38,847813376,,,17441754,2230133.51,3860131.12,,-1074993.23,340070.6007,0,Mexico,حسين العجم
9,1,61103.16,1846186948,21572.0,0.0,17441754,1419322.66,2230133.51,39531.16,-749707.69,340070.6007,0,Mexico,حسين العجم
40,1,29711.85,2095743045,,,17939867,164223.41,193935.26,,0.0,134245.4969,0,Sri Lanka,صباح الصيعري
231,1,88658.28,1478667119,336963.96,248305.67,17939867,3037499.69,3126157.98,-0.01,-0.01,134245.4969,0,Sri Lanka,صباح الصيعري
16,1,173851.26,1100244615,,,17939867,353644.4,182394.83,,345100.83,134245.4969,0,Sri Lanka,صباح الصيعري
42,1,87189.3,1774489039,280048.47,192859.17,17939867,193935.26,332262.7,5.8200000000000003e-11,-51138.14,134245.4969,0,Sri Lanka,صباح الصيعري
20,0,225301.59,1674794969,9938.0,0.0,17939867,27288.93,407262.61,215363.59,-154672.09,134245.4969,0,Sri Lanka,صباح الصيعري
44,1,158289.53,1232378025,466270.0,307980.47,17939867,332262.7,490552.22,0.0,0.01,134245.4969,0,Sri Lanka,صباح الصيعري
18,1,527218.41,772695394,105489.16,0.0,18496128,1658680.7,2185899.11,421729.25,0.0,466717.2933,0,Russia,بسمة جادالله 
12,0,345863.24,2124883846,,,18496128,1611530.88,1590747.08,,366647.04,466717.2933,0,Russia,بسمة جادالله 
13,1,274116.88,357508250,,,18496128,1590747.08,1864863.96,,0.0,466717.2933,0,Russia,بسمة جادالله 
10,1,14221.47,1422533130,182750.99,168529.52,18496128,2154455.19,1882576.67,0.0,286099.99,466717.2933,0,Russia,بسمة جادالله 
39,1,256898.06,782116160,,,18496128,2703135.27,2960033.33,,0.0,466717.2933,0,Russia,بسمة جادالله 
9,1,216415.12,2139991609,53054.73,0.0,20671747,583898.81,626171.93,163360.39,174142.0,313393.46,0,Pakistan,عايض الفطيح
40,0,1200195.83,372491863,,,20671747,6465539.28,7974412.27,,-308677.16,313393.46,0,Pakistan,عايض الفطيح
11,1,618669.01,1791741299,22364.0,0.0,20671747,2127618.7,2746287.71,596305.01,0.0,313393.46,0,Pakistan,عايض الفطيح
15,1,280714.2,2088755923,,,20671747,5014448.4,5295162.6,,9.31e-10,313393.46,0,Pakistan,عايض الفطيح
39,0,837685.32,317728031,25763.25,0.0,20671747,5377982.26,6465539.28,811922.07,-249871.7,313393.46,0,Pakistan,عايض الفطيح
403,1,128610.37,259477276,,,20671747,10946562.04,11075172.41,,-1.8600000000000002e-09,313393.46,0,Pakistan,عايض الفطيح
351,0,152202.17,594803504,,,20671747,10891967.4,11044169.57,,0.0,313393.46,0,Pakistan,عايض الفطيح
10,1,214405.41,2088875803,,,20671747,1913213.28,2746287.71,,-618669.02,313393.46,0,Pakistan,عايض الفطيح
41,0,385731.57,756814659,45605.0,0.0,20671747,7974412.27,8360143.84,340126.57,0.0,313393.46,0,Pakistan,عايض الفطيح
14,1,182620.96,1357627152,49090.77,0.0,21481493,738351.77,1458946.19,133530.19,-537973.46,208535.2688,0,Lebanon,  مبارك الهمامي
11,1,132998.42,874053671,47.0,0.0,21481493,0.0,479122.95,132951.42,-346124.53,208535.2688,0,Lebanon,  مبارك الهمامي
346,1,88712.15,1871524718,,,21481493,5182321.36,5271033.51,,9.31e-10,208535.2688,0,Lebanon,  مبارك الهمامي
18,0,189644.15,1923066838,185466.74,0.0,21481493,2426936.43,2561468.09,4177.41,55112.49,208535.2688,0,Lebanon,  مبارك الهمامي
41,0,54940.64,1648708758,,,21481493,3464863.4,3519804.04,,0.0,208535.2688,0,Lebanon,  مبارك الهمامي
16,1,55074.05,1438717118,,,21481493,1458946.19,1514020.24,,0.0,208535.2688,0,Lebanon,  مبارك الهمامي
142,0,7682188.94,407891828,,,22275097,11906963.77,19589152.72,,-0.009999998000000001,650196.1112,0,Tunisia,احمد المهرى
20,1,434770.38,447797011,,,22275097,2610322.58,3045092.96,,0.0,650196.1112,0,Tunisia,احمد المهرى
11,1,51949.38,419295336,,,22275097,120087.58,172036.96,,0.0,650196.1112,0,Tunisia,احمد المهرى
15,0,422149.35,1943249598,,,22275097,1022016.32,1444165.67,,0.0,650196.1112,0,Tunisia,احمد المهرى
155,1,4788.37,1615849838,,,22275097,19854161.48,19858949.84,,0.010000002,650196.1112,0,Tunisia,احمد المهرى
34,0,410933.38,1008392765,,,22275097,3045092.96,3456026.34,,0.0,650196.1112,0,Tunisia,احمد المهرى
160,1,185827.52,598789962,,,22275097,20092785.7,20278613.22,,0.0,650196.1112,0,Tunisia,احمد المهرى
161,1,353272.82,1652838577,12211.0,0.0,22275097,20278613.22,20449704.69,341061.82,182181.35,650196.1112,0,Tunisia,احمد المهرى
9,1,71672.76,1343961243,,,22805895,573962.08,226558.96,,419075.88,154653.5206,0,Pakistan,عبدالله الخيواني
350,1,172014.55,150584355,,,22805895,2363085.15,2535099.7,,-4.66e-10,154653.5206,0,Pakistan,عبدالله الخيواني
210,1,15450.9,1183277052,,,22805895,1711853.37,1727304.27,,0.0,154653.5206,0,Pakistan,عبدالله الخيواني
35,1,243209.48,270256450,226013.0,0.0,22805895,1317505.43,1560714.91,17196.48,0.0,154653.5206,0,Pakistan,عبدالله الخيواني
16,1,175259.95,715968785,30128.0,0.0,22805895,675213.63,850473.58,145131.95,1.1599999999999999e-10,154653.5206,0,Pakistan,عبدالله الخيواني
14,1,19945.41,446818755,10497.0,0.0,22805895,233292.23,458471.68,9448.41,-205234.04,154653.5206,0,Pakistan,عبدالله الخيواني
1,1,117023.79,1278616846,,,22805895,121366.44,651524.92,,-413134.69,154653.5206,0,Pakistan,عبدالله الخيواني
11,1,20703.1,1394162017,198.0,0.0,24955689,61364.18,82067.28,20505.1,0.0,331429.2133,0,Brazil,سعيد الوادعي
327,1,140165.79,1277921860,85524.0,0.0,24955689,4853406.06,4993571.86,54641.79,-0.010000001,331429.2133,0,Brazil,سعيد الوادعي
236,0,927515.23,372046453,,,24955689,3377528.89,4305044.12,,0.0,331429.2133,0,Brazil,سعيد الوادعي
19,1,200188.51,89315220,397684.3,197495.79,24955689,1412840.64,1613029.15,5.8200000000000003e-11,0.0,331429.2133,0,Brazil,سعيد الوادعي
661,0,1064436.36,1864062615,,,24955689,4702313.24,5766749.59,,0.010000001,331429.2133,0,Brazil,سعيد الوادعي
15,1,282300.04,1546615252,470117.12,187817.08,24955689,723631.12,1005931.16,0.0,-1.1599999999999999e-10,331429.2133,0,Brazil,سعيد الوادعي
19,0,401994.97,1827325676,53190.0,0.0,24955689,1010845.67,1412840.64,348804.97,2.33e-10,331429.2133,0,Brazil,سعيد الوادعي
10,1,61364.18,362401534,20637.0,0.0,24955689,0.0,61364.18,40727.18,0.0,331429.2133,0,Brazil,سعيد الوادعي
11,1,139135.29,398496019,,,28588268,14448935.78,14588071.07,,-1.8600000000000002e-09,712178.5561,0,France,  صالح الشقيح
9,0,3845925.14,49020396,10374.0,0.0,28588268,492282.7,6823665.92,3835551.14,-2485458.08,712178.5561,0,France,  صالح الشقيح
10,1,13697.2,698425376,,,28588268,9156037.17,9169734.38,,-0.010000002,712178.5561,0,France,  صالح الشقيح
350,1,354789.61,1944096858,,,28588268,17961090.8,18315880.41,,0.0,712178.5561,0,France,  صالح الشقيح
13,0,506066.99,1159104625,190739.47,0.0,28588268,15756671.62,16230894.46,315327.52,31844.15,712178.5561,0,France,  صالح الشقيح
154,1,212470.69,709408106,211.0,0.0,28588268,15292546.16,15505016.85,212259.69,0.0,712178.5561,0,France,  صالح الشقيح
12,0,1126880.23,446963907,,,28588268,15038883.6,16230894.46,,-65130.63,712178.5561,0,France,  صالح الشقيح
348,1,101740.39,1694608755,,,30820575,7138693.81,7240434.2,,-9.31e-10,322228.8675,0,China,  محمد السعد
13,1,283510.42,1206701701,29917.0,0.0,30820575,0.0,283510.42,253593.42,0.0,322228.8675,0,China,  محمد السعد
19,1,190203.55,1227050652,,,30820575,3239926.31,4549319.34,,-1119189.48,322228.8675,0,China,  محمد السعد
141,1,87351.2,1803718030,,,30820575,5552261.08,5639612.28,,0.0,322228.8675,0,China,  محمد السعد
234,1,129136.72,1639880117,86009.0,0.0,30820575,5263296.69,5392433.41,43127.72,0.0,322228.8675,0,China,  محمد السعد
15,1,189603.27,567570210,19165.0,0.0,30820575,884144.01,1670243.73,170438.27,-596496.45,322228.8675,0,China,  محمد السعد
133,1,275238.53,588553189,506.0,0.0,30820575,5188805.7,5552261.08,274732.53,-88216.85,322228.8675,0,China,  محمد السعد
331,1,112505.6,1091794350,,,32151644,5267999.1,5380504.7,,-9.31e-10,302876.9995,0,Pakistan,حمد الجبير
14,0,717822.05,144960374,44019.0,0.0,32151644,1418625.03,2895163.07,673803.05,-758715.99,302876.9995,0,Pakistan,حمد الجبير
43,1,182791.76,1007390210,150108.96,0.0,32151644,4507636.44,4690428.2,32682.8,0.0,302876.9995,0,Pakistan,حمد الجبير
208,1,108094.12,1689490509,,,32151644,4726328.62,4834422.74,,0.0,302876.9995,0,Pakistan,حمد الجبير
41,0,827571.18,1180790946,,,32151644,4227849.09,4442932.79,,612487.48,302876.9995,0,Pakistan,حمد الجبير
252,1,61782.11,1494836457,,,32151644,4834422.74,4896204.85,,9.31e-10,302876.9995,0,Pakistan,حمد الجبير
402,1,441668.0,265768162,458470.64,16802.64,32151644,5556765.2,11368541.11,0.0,-5370107.91,302876.9995,0,Pakistan,حمد الجبير
34,1,32792.27,1685602415,14926.0,0.0,32151644,2963872.5,3051289.43,17866.27,-54624.66,302876.9995,0,Pakistan,حمد الجبير
12,0,269273.38,1224643065,,,34653932,1507785.76,1777059.14,,2.33e-10,348031.419,0,Australia,ناجي الهمامي 
139,1,51870.63,449790063,,,34653932,7074654.49,7126525.12,,0.0,348031.419,0,Australia,ناجي الهمامي 
14,0,961976.39,1443840343,,,34653932,1317340.81,2279317.2,,0.0,348031.419,0,Australia,ناجي الهمامي 
11,1,402864.69,338968510,,,34653932,848240.77,1595690.35,,-344584.89,348031.419,0,Australia,ناجي الهمامي 
206,0,1219234.43,1378376682,,,34653932,7340525.67,8559760.1,,0.0,348031.419,0,Australia,ناجي الهمامي 
155,1,268396.06,1825212096,,,34653932,7246091.54,7514487.6,,0.0,348031.419,0,Australia,ناجي الهمامي 
7,1,28094.03,62775994,,,35263828,104226.0,0.0,,132320.03,758720.155,0,Australia,شنيف اليامي
19,0,141954.88,1315509554,19979.0,0.0,35263828,1930510.37,2072465.26,121975.88,-0.01,758720.155,0,Australia,شنيف اليامي
304,0,10000000.0,1192709113,6301.0,0.0,35263828,5639123.19,16356871.23,9993699.0,-717748.04,758720.155,0,Australia,شنيف اليامي
35,0,349384.52,151084733,,,35263828,1977141.74,2326526.26,,0.0,758720.155,0,Australia,شنيف اليامي
42,0,402333.64,651620879,,,35263828,3373354.72,3775688.35,,0.01,758720.155,0,Australia,شنيف اليامي
379,1,195637.95,1835473161,,,35263828,16733424.48,17134920.58,,-205858.15,758720.155,0,Australia,شنيف اليامي
8,1,92351.2,625357831,226307.93,133956.73,35263828,319646.15,0.0,0.0,411997.35,758720.155,0,Australia,شنيف اليامي
16,0,1322923.73,372810899,140086.0,0.0,35263828,135244.92,1458168.64,1182837.73,0.01,758720.155,0,Australia,شنيف اليامي
256,1,46870.11,1532569133,,,35263828,5318482.7,5365352.81,,9.31e-10,758720.155,0,Australia,شنيف اليامي
135,1,317145.08,441097838,,,35263828,3494251.71,3811396.79,,0.0,758720.155,0,Australia,شنيف اليامي
15,1,180751.77,1124927909,,,36437323,371585.37,552337.14,,0.0,191172.155,0,Germany,بسمه	الهواشلة
36,1,493219.67,1331250778,10057.0,0.0,36437323,1923003.54,2442583.64,483162.67,-26360.43,191172.155,0,Germany,بسمه	الهواشلة
8,1,8140.03,2076477623,,,36437323,178038.29,160083.17,,26095.15,191172.155,0,Germany,بسمه	الهواشلة
10,1,150291.04,1526572423,954.0,0.0,36437323,371017.29,652863.91,149337.04,-131555.58,191172.155,0,Germany,بسمه	الهواشلة
17,1,5917.82,4484161,4599.11,0.0,36437323,1187985.66,1731122.58,1318.71,-537219.1,191172.155,0,Germany,بسمه	الهواشلة
10,1,170850.21,1805733559,,,36437323,184925.66,355775.87,,0.0,191172.155,0,Germany,بسمه	الهواشلة
7,0,320228.94,549538872,24380.72,0.0,36437323,0.0,160083.17,295848.22,160145.77,191172.155,0,Germany,بسمه	الهواشلة
140,1,112739.26,814826060,585.0,0.0,36437323,3365757.39,3478496.65,112154.26,0.0,191172.155,0,Germany,بسمه	الهواشلة
12,1,185947.37,291857858,1204.0,0.0,36437323,742581.16,796876.73,184743.37,131651.8,191172.155,0,Germany,بسمه	الهواشلة
15,1,98751.87,1688796848,,,40075281,11308293.81,11407045.68,,0.0,407501.8166,0,France,خلود العتيبي
178,0,219544.37,786943291,,,40075281,13422195.08,13641739.44,,0.01,407501.8166,0,France,خلود العتيبي
7,1,343435.88,1278700356,744.79,0.0,40075281,351181.52,1674676.75,342691.09,-980059.35,407501.8166,0,France,خلود العتيبي
287,1,327626.93,1710802596,,,40075281,14641372.31,14968999.24,,0.0,407501.8166,0,France,خلود العتيبي
355,1,220505.5,1434719545,,,40075281,15588760.77,15809266.28,,-0.01,407501.8166,0,France,خلود العتيبي
12,0,438376.1,916892415,,,40075281,9829208.66,10267584.76,,0.0,407501.8166,0,France,خلود العتيبي
7,1,306323.63,1194550829,,,40075281,1053942.57,1674676.75,,-314410.55,407501.8166,0,France,خلود العتيبي
281,1,260075.74,276682161,704.0,0.0,40075281,14381296.56,14641372.31,259371.74,-0.01,407501.8166,0,France,خلود العتيبي
252,0,8255.6,1219734797,23464.0,15208.4,40075281,14111130.88,14119386.48,0.0,0.0,407501.8166,0,France,خلود العتيبي
3,1,48267.2,1877317084,20023.71,0.0,40075281,63728.76,111995.96,28243.49,-1.46e-11,407501.8166,0,France,خلود العتيبي
13,1,131213.51,961392137,11712.0,0.0,46229814,8413280.54,10456688.24,119501.51,-1912194.19,1025944.848,0,Ghana,علي المقبول          
12,1,609877.53,1380581863,45643.0,0.0,46229814,7803403.02,10456688.24,564234.53,-2043407.69,1025944.848,0,Ghana,علي المقبول          
41,1,346635.99,1585408125,,,46229814,13179790.53,13526426.52,,0.0,1025944.848,0,Ghana,علي المقبول          
13,0,1222319.16,69732158,,,46229814,8544494.06,10456688.24,,-689875.02,1025944.848,0,Ghana,علي المقبول          
10,1,85531.84,122472821,338.0,0.0,46229814,4356998.1,4442529.94,85193.84,-9.31e-10,1025944.848,0,Ghana,علي المقبول          
324,1,377893.73,1717175136,,,46229814,31178877.41,31556771.14,,0.0,1025944.848,0,Ghana,علي المقبول          
23,0,644826.79,644655506,,,46229814,11554024.9,12198851.7,,-0.009999998000000001,1025944.848,0,Ghana,علي المقبول          
13,1,106924.17,1351026978,10156.0,0.0,46229814,9766813.22,10456688.24,96768.17,-582950.85,1025944.848,0,Ghana,علي المقبول          
11,1,51640.78,817424627,799412.35,747771.57,59215997,7177453.75,7503113.7,0.0,-274019.17,289212.9339,0,Botswana,شاجع الهمامي          
201,1,443816.15,1307272132,25159.0,0.0,59215997,14312633.54,14756449.69,418657.15,0.0,289212.9339,0,Botswana,شاجع الهمامي          
185,1,16706.22,423570242,407.0,0.0,59215997,14295927.32,14312633.54,16299.22,1.8600000000000002e-09,289212.9339,0,Botswana,شاجع الهمامي          
8,1,267589.8,1829894344,741557.31,473967.51,59215997,162043.44,1359980.45,0.0,-930347.21,289212.9339,0,Botswana,شاجع الهمامي          
154,1,196390.31,1862600024,57423.07,0.0,59215997,12730448.11,12926838.42,138967.24,0.0,289212.9339,0,Botswana,شاجع الهمامي          
161,1,304885.8,2074667336,13097.79,0.0,59215997,13445110.06,13749995.87,291788.01,-0.009999998000000001,289212.9339,0,Botswana,شاجع الهمامي          
8,1,134271.04,1291462097,,,59215997,1067237.22,1359980.45,,-158472.19,289212.9339,0,Botswana,شاجع الهمامي          
8,1,643092.04,2088993533,,,59215997,716888.41,1359980.45,,2.33e-10,289212.9339,0,Botswana,شاجع الهمامي          
369,1,258294.87,936852983,20947.0,0.0,59215997,21371233.39,21629528.26,237347.87,0.0,289212.9339,0,Botswana,شاجع الهمامي          
143,0,682691.66,653873773,,,59941009,13726663.66,14409355.32,,0.0,1197593.527,0,Sri Lanka,علي الهمامي          
141,0,2742814.88,1335511874,257764.01,0.0,59941009,10983848.78,13726663.66,2485050.87,0.0,1197593.527,0,Sri Lanka,علي الهمامي          
329,1,220978.51,372928282,,,59941009,40754086.68,40975065.2,,-0.010000005,1197593.527,0,Sri Lanka,علي الهمامي          
10,1,99558.48,480595671,,,59941009,5482591.05,5582149.53,,0.0,1197593.527,0,Sri Lanka,علي الهمامي          
11,1,100290.01,1421339730,,,59941009,6233156.49,6429327.58,,-95881.08,1197593.527,0,Sri Lanka,علي الهمامي          
9,0,1445191.64,966865183,,,59941009,1987187.8,5582149.53,,-2149770.09,1197593.527,0,Sri Lanka,علي الهمامي          
16,1,225218.07,1107779939,,,59941009,8556905.55,9065672.33,,-283548.71,1197593.527,0,Sri Lanka,علي الهمامي          
130,1,329014.71,1813589755,,,59941009,10244969.91,10790000.55,,-216015.93,1197593.527,0,Sri Lanka,علي الهمامي          
327,0,19142667.36,1727705725,125982.65,0.0,59941009,21611419.33,40754086.68,19016684.71,0.009999998000000001,1197593.527,0,Sri Lanka,علي الهمامي          
11,1,34144.29,1823395662,38438.0,4293.71,59941009,6199012.2,6429327.58,0.0,-196171.09,1197593.527,0,Sri Lanka,علي الهمامي          
182,1,130831.41,1465018852,21.0,0.0,66497191,14019910.95,14450268.33,130810.41,-299525.97,428888.5944,0,Egypt,صالح الغامدي          
34,0,131518.78,592069048,634109.29,502590.51,66497191,11514622.22,11646141.0,0.0,0.0,428888.5944,0,Egypt,صالح الغامدي          
134,1,135747.25,1849179571,,,66497191,12277999.56,12413746.81,,0.0,428888.5944,0,Egypt,صالح الغامدي          
166,0,369656.91,798805165,,,66497191,13605877.81,13975534.72,,0.0,428888.5944,0,Egypt,صالح الغامدي          
8,0,67419.86,637563560,,,66497191,135221.0,322.49,,202318.37,428888.5944,0,Egypt,صالح الغامدي          
9,1,514550.05,1416765285,,,66497191,3510380.22,5953432.84,,-1928502.57,428888.5944,0,Egypt,صالح الغامدي          
158,1,101776.08,719611710,62585.0,0.0,66497191,13504101.73,13605877.81,39191.08,0.0,428888.5944,0,Egypt,صالح الغامدي          
322,1,112954.95,1836815022,,,66497191,14340810.8,14453765.75,,0.0,428888.5944,0,Egypt,صالح الغامدي          
7,0,68814.9,1455659337,106887.0,38072.1,66893623,59824.59,128639.49,0.0,-1.46e-11,414863.9114,0,Bahrain, عبدالله الشمراني          
8,1,23634.26,1098218736,,,66893623,574190.22,532921.62,,64902.86,414863.9114,0,Bahrain, عبدالله الشمراني          
160,1,403867.72,135171943,,,66893623,2631350.58,3035218.31,,-0.01,414863.9114,0,Bahrain, عبدالله الشمراني          
9,0,53369.78,340361956,,,66893623,1309761.15,1363130.93,,0.0,414863.9114,0,Bahrain, عبدالله الشمراني          
12,1,72570.57,1858275745,274275.46,201704.89,66893623,10503656.18,10576226.74,0.0,0.01,414863.9114,0,Bahrain, عبدالله الشمراني          
235,1,64554.02,1323331505,10922.0,0.0,66893623,3568123.12,3632677.14,53632.02,0.0,414863.9114,0,Bahrain, عبدالله الشمراني          
17,0,590106.8,304355552,,,66893623,11479921.58,12070028.38,,0.0,414863.9114,0,Bahrain, عبدالله الشمراني          
15,1,182117.28,1119944440,,,66893623,11368154.63,11438751.4,,111520.51,414863.9114,0,Bahrain, عبدالله الشمراني          
34,1,123284.33,1672542927,593034.0,469749.67,66893623,0.0,123284.33,0.0,0.0,414863.9114,0,Bahrain, عبدالله الشمراني          
188,1,237471.65,997032944,,,66893623,3402983.6,3640455.25,,0.0,414863.9114,0,Bahrain, عبدالله الشمراني          
9,1,223114.46,484250565,,,66893623,1363130.93,9725780.19,,-8139534.8,414863.9114,0,Bahrain, عبدالله الشمراني          
20,1,167628.77,577470518,101486.0,0.0,67478378,2307040.48,2593629.68,66142.77,-118960.43,379754.5772,0,Palestine,ياسر الفيفي          
308,0,1211925.63,2142617192,,,67478378,7598725.63,8810651.25,,0.01,379754.5772,0,Palestine,ياسر الفيفي          
10,0,476868.91,221111270,,,67478378,2522187.96,3102675.85,,-103618.98,379754.5772,0,Palestine,ياسر الفيفي          
43,1,175396.94,1785757790,163302.75,0.0,67478378,4703172.54,4878569.48,12094.19,0.0,379754.5772,0,Palestine,ياسر الفيفي          
370,1,251366.34,1516586573,,,67478378,8973784.03,9225150.37,,0.0,379754.5772,0,Palestine,ياسر الفيفي          
205,1,36817.97,1531833223,,,67478378,5315632.76,5352450.74,,-0.010000001,379754.5772,0,Palestine,ياسر الفيفي          
228,1,321109.9,598131315,268.0,0.0,67478378,5352450.74,5673560.64,320841.9,9.31e-10,379754.5772,0,Palestine,ياسر الفيفي          
9,1,299811.86,1637490319,,,67478378,1891563.41,3102675.85,,-911300.58,379754.5772,0,Palestine,ياسر الفيفي          
162,0,537581.82,253904464,244.0,0.0,70462365,5675085.0,6212666.81,537337.82,0.010000001,499627.2487,0,Democratic People's Republic of Korea,فاطمه الغامدي          
13,1,156234.87,1379461874,13940.0,0.0,70462365,1648506.23,1804741.1,142294.87,0.0,499627.2487,0,Democratic People's Republic of Korea,فاطمه الغامدي          
10,1,605836.47,478490467,915757.01,309920.54,70462365,811786.72,1417623.19,0.0,0.0,499627.2487,0,Democratic People's Republic of Korea,فاطمه الغامدي          
258,0,166738.13,877190169,,,70462365,8216222.54,8382960.67,,0.0,499627.2487,0,Democratic People's Republic of Korea,فاطمه الغامدي          
189,0,1154468.24,1839363661,193058.39,0.0,70462365,6163946.02,8535776.76,961409.85,-1217362.5,499627.2487,0,Democratic People's Republic of Korea,فاطمه الغامدي          
36,0,1966793.61,1015185314,386600.23,0.0,70462365,2834240.11,4810940.97,1580193.38,-9907.25,499627.2487,0,Democratic People's Republic of Korea,فاطمه الغامدي          
280,1,209347.36,253462157,,,71364493,6661918.26,6871265.62,,0.0,306100.7945,0,Spain,عبدالله الغامدي          
36,1,244181.22,2135631024,160.0,0.0,71364493,6114372.33,6555515.26,244021.22,-196961.71,306100.7945,0,Spain,عبدالله الغامدي          
9,1,4876.9,2131823125,,,71364493,77299.53,82176.43,,0.0,306100.7945,0,Spain,عبدالله الغامدي          
10,1,36830.12,1527942076,,,71364493,2070679.37,2554043.47,,-446533.98,306100.7945,0,Spain,عبدالله الغامدي          
33,1,288789.31,320748319,1311.0,0.0,71364493,5794871.98,6135580.83,287478.31,-51919.54,306100.7945,0,Spain,عبدالله الغامدي          
36,1,286265.21,274540563,,,71364493,5828107.12,6114372.33,,0.0,306100.7945,0,Spain,عبدالله الغامدي          
17,1,124978.28,119944321,,,71364493,5338772.33,5463750.61,,0.0,306100.7945,0,Spain,عبدالله الغامدي          
138,0,173532.11,1631997647,103415.0,0.0,75629578,2657357.41,2830889.51,70117.11,0.01,329153.012,0,Leba,عبدالله الغامدي          
8,1,63216.18,1240496622,,,75629578,290379.23,707849.71,,-354254.3,329153.012,0,Leba,عبدالله الغامدي          
15,1,433514.34,1364980758,,,75629578,1483717.72,1917232.07,,-0.01,329153.012,0,Leba,عبدالله الغامدي          
140,1,343762.63,321896219,,,75629578,2830889.51,3174652.14,,-4.66e-10,329153.012,0,Leba,عبدالله الغامدي          
187,0,348485.0,1895723828,11429.0,0.0,75629578,3059982.88,3408467.88,337056.0,0.0,329153.012,0,Leba,عبدالله الغامدي          
9,1,453408.17,1254416103,,,75629578,924873.13,1378281.3,,0.0,329153.012,0,Leba,عبدالله الغامدي          
401,1,156355.03,296528811,10523.0,0.0,75629578,11322794.62,11479149.65,145832.03,-1.8600000000000002e-09,329153.012,0,Leba,عبدالله الغامدي          
205,1,445511.43,2122775237,,,75629578,3367443.57,3812955.0,,0.0,329153.012,0,Leba,عبدالله الغامدي          
12,1,174934.44,663377659,24899.0,0.0,76017431,41413.26,216347.71,150035.44,-0.01,317058.0307,0,South Africa,فواز الغامدي          
182,1,204140.08,830079907,144786.0,0.0,76017431,1778295.17,1982435.24,59354.08,0.01,317058.0307,0,South Africa,فواز الغامدي          
280,1,187398.5,1784754913,,,76017431,2145742.43,2333140.94,,-0.01,317058.0307,0,South Africa,فواز الغامدي          
9,1,97599.87,124390778,195547.0,97947.13,76017431,31071.0,395105.23,0.0,-266434.36,317058.0307,0,South Africa,فواز الغامدي          
278,0,734113.41,1849640159,,,76017431,1411629.02,2145742.43,,0.0,317058.0307,0,South Africa,فواز الغامدي          
12,0,133155.62,1070069102,113714.0,0.0,76017431,216347.71,704624.25,19441.62,-355120.92,317058.0307,0,South Africa,فواز الغامدي          
10,1,373669.27,1983634551,1610.0,0.0,76017431,21435.96,395105.23,372059.27,5.8200000000000003e-11,317058.0307,0,South Africa,فواز الغامدي          
191,1,326284.54,2069824852,48447.28,0.0,76017431,1615481.23,1941765.77,277837.26,0.0,317058.0307,0,South Africa,فواز الغامدي          
9,1,39912.23,341099973,,,79281017,910798.59,2412145.27,,-1461434.45,324130.1428,0,Germany,فهد الزهراني          
16,1,423819.44,2076316864,,,79281017,4555130.84,4978950.28,,0.0,324130.1428,0,Germany,فهد الزهراني          
12,1,145693.86,1335555665,337487.0,191793.14,79281017,2478190.89,2744828.34,0.0,-120943.59,324130.1428,0,Germany,فهد الزهراني          
596,0,1966540.52,2039030071,,,79281017,8291544.04,10258084.56,,0.0,324130.1428,0,Germany,فهد الزهراني          
181,1,51110.15,1084406979,231.0,0.0,79281017,6761557.94,6812668.09,50879.15,9.31e-10,324130.1428,0,Germany,فهد الزهراني          
135,1,9710.09,354298555,139679.25,129969.16,79281017,6403166.02,6412876.11,0.0,-9.31e-10,324130.1428,0,Germany,فهد الزهراني          
137,1,557512.12,1642134620,,,79281017,6412876.11,6970388.23,,0.0,324130.1428,0,Germany,فهد الزهراني          
131,1,226836.43,1787474250,,,80702448,4394672.88,4621509.31,,0.0,570398.7855,0,Palestine,عبدالله العمري          
282,1,93248.52,2036968788,,,80702448,7950274.79,8043523.31,,0.0,570398.7855,0,Palestine,عبدالله العمري          
12,1,162700.09,616626962,21421.0,0.0,80702448,2902771.24,2962251.84,141279.09,103219.49,570398.7855,0,Palestine,عبدالله العمري          
18,1,205902.79,1440191562,,,80702448,3095295.33,3564369.07,,-263170.95,570398.7855,0,Palestine,عبدالله العمري          
236,1,220881.04,1250338563,,,80702448,7967725.91,8188606.95,,0.0,570398.7855,0,Palestine,عبدالله العمري          
159,1,95389.67,1500222057,215319.14,119929.47,80702448,4900144.2,4995533.87,0.0,0.0,570398.7855,0,Palestine,عبدالله العمري          
180,1,15574.38,638146777,6558.0,0.0,81829688,3755172.44,3770746.82,9016.38,0.0,167289.5988,0,Democratic People's Republic of Korea,عايش الغامدي          
15,1,189936.48,739081313,,,81829688,2070970.13,2074638.1,,186268.51,167289.5988,0,Democratic People's Republic of Korea,عايش الغامدي          
14,1,71236.99,216258125,,,81829688,1999733.14,2074638.1,,-3667.97,167289.5988,0,Democratic People's Republic of Korea,عايش الغامدي          
19,1,54513.87,588780990,52339.0,0.0,81829688,3590399.6,3428663.24,2174.87,216250.23,167289.5988,0,Democratic People's Republic of Korea,عايش الغامدي          
45,1,187463.87,1708798289,,,81829688,3352445.78,3539909.65,,0.0,167289.5988,0,Democratic People's Republic of Korea,عايش الغامدي          
16,0,275609.76,718420642,,,81829688,2074638.1,2678747.72,,-328499.86,167289.5988,0,Democratic People's Republic of Korea,عايش الغامدي          
14,1,254170.96,1706661245,,,83331807,1593224.95,2183301.88,,-335905.97,238727.0993,0,Trinidad and Tobago,احمد الغامدي          
324,1,47058.44,1652739599,,,83331807,5240977.37,5288035.81,,9.31e-10,238727.0993,0,Trinidad and Tobago,احمد الغامدي          
14,1,159064.1,449719580,,,83331807,2292231.13,2183301.88,,267993.35,238727.0993,0,Trinidad and Tobago,احمد الغامدي          
231,1,542850.01,120616390,2258.0,0.0,83331807,4667744.99,5210595.0,540592.01,0.0,238727.0993,0,Trinidad and Tobago,احمد الغامدي          
129,1,253279.44,495169277,38.0,0.0,83331807,4118539.95,4176154.27,253241.44,195665.12,238727.0993,0,Trinidad and Tobago,احمد الغامدي          
17,1,222161.6,1861752253,,,83331807,2092605.13,2314766.73,,0.0,238727.0993,0,Trinidad and Tobago,احمد الغامدي          
358,0,211539.77,627569350,136708.0,0.0,84804929,5142284.11,5353823.87,74831.77,0.01,277159.76,0,France,ماجد الغامدي          
14,1,89688.96,803855233,338.0,0.0,84804929,3331306.61,3420995.57,89350.96,0.0,277159.76,0,France,ماجد الغامدي          
19,0,485793.59,981084158,,,84804929,3552542.14,4038335.73,,0.0,277159.76,0,France,ماجد الغامدي          
39,1,427967.09,1598992358,48660.0,0.0,84804929,4357699.4,4785666.49,379307.09,0.0,277159.76,0,France,ماجد الغامدي          
640,1,177965.72,1489479139,983.0,0.0,84804929,5725882.98,5903848.7,176982.72,0.0,277159.76,0,France,ماجد الغامدي          
11,1,205927.35,277249208,,,84804929,3301587.73,3507515.08,,0.0,277159.76,0,France,ماجد الغامدي          
24,1,103452.28,761663907,,,84804929,3943058.9,4046511.18,,-4.66e-10,277159.76,0,France,ماجد الغامدي          
10,1,316285.65,1648528839,21440.0,0.0,89237682,801619.71,1096360.47,294845.65,21544.89,251527.7336,0,Sudan,عبدالله الحارثي          
39,1,69203.66,435267747,,,89237682,2061523.94,2130727.6,,0.0,251527.7336,0,Sudan,عبدالله الحارثي          
321,1,115308.98,685625522,287.0,0.0,89237682,8171033.53,8286342.51,115021.98,9.31e-10,251527.7336,0,Sudan,عبدالله الحارثي          
18,1,179512.51,2042070572,,,89237682,1543345.98,1722858.49,,0.0,251527.7336,0,Sudan,عبدالله الحارثي          
12,0,384968.25,933935024,,,89237682,1399253.46,1663127.09,,121094.62,251527.7336,0,Sudan,عبدالله الحارثي          
206,1,62330.9,1461852317,,,89237682,7530089.58,7592420.48,,0.0,251527.7336,0,Sudan,عبدالله الحارثي          
153,1,316416.53,1701876156,5633.0,0.0,90486891,9102518.17,9418934.7,310783.53,0.0,314852.5465,0,Iran,عاصم الغامدي          
42,0,381551.79,1831271258,,,90486891,8935080.68,9316632.47,,-1.8600000000000002e-09,314852.5465,0,Iran,عاصم الغامدي          
8,1,144749.98,1679039764,,,90486891,4093894.92,3803124.27,,435520.63,314852.5465,0,Iran,عاصم الغامدي          
353,1,150628.85,1337161204,,,90486891,11092464.67,11243093.52,,0.0,314852.5465,0,Iran,عاصم الغامدي          
266,1,201461.56,1151644415,199707.26,0.0,90486891,10634044.38,10835505.93,1754.3,0.010000002,314852.5465,0,Iran,عاصم الغامدي          
12,1,28108.61,699281977,,,90486891,8052636.5,8080745.11,,0.0,314852.5465,0,Iran,عاصم الغامدي          
8,0,747772.33,1763542462,351.0,0.0,90486891,64940.0,3803124.27,747421.33,-2990411.94,314852.5465,0,Iran,عاصم الغامدي          
10,1,280540.03,1402645721,,,91706887,834979.71,1336681.43,,-221161.69,665865.4995,0,Germany,فيصل الرباعي          
12,1,203434.91,2008609861,563.0,0.0,91706887,3315858.44,3519293.35,202871.91,0.0,665865.4995,0,Germany,فيصل الرباعي          
212,1,31858.35,950398546,,,91706887,14644842.92,14676701.27,,0.0,665865.4995,0,Germany,فيصل الرباعي          
322,0,4346463.93,661336128,,,91706887,14600898.97,18947362.9,,0.0,665865.4995,0,Germany,فيصل الرباعي          
16,1,247133.52,676638055,11271.0,0.0,91706887,7799139.61,10308935.54,235862.52,-2262662.41,665865.4995,0,Germany,فيصل الرباعي          
17,0,959325.67,1088202159,,,91706887,8046273.13,10308935.54,,-1303336.74,665865.4995,0,Germany,فيصل الرباعي          
10,1,221161.69,1894025021,91190.0,0.0,91706887,1115519.74,1336681.43,129971.69,0.0,665865.4995,0,Germany,فيصل الرباعي          
134,1,540445.43,2113531407,25184.0,0.0,93166806,5662558.31,6203003.73,515261.43,0.009999999,333600.7125,0,Germany,احمد الغامدي          
12,1,52047.52,1176766565,78111.0,26063.48,93166806,4709638.27,4853329.94,0.0,-91644.15,333600.7125,0,Germany,احمد الغامدي          
8,1,188880.1,2057679728,,,93166806,1483727.71,2226811.03,,-554203.22,333600.7125,0,Germany,احمد الغامدي          
9,1,444194.56,1318061528,,,93166806,2458815.9,3036137.14,,-133126.68,333600.7125,0,Germany,احمد الغامدي          
36,1,37940.63,2035452142,,,93166806,5102059.03,5508794.93,,-368795.27,333600.7125,0,Germany,احمد الغامدي          
12,0,785018.14,1507582677,,,93166806,3924620.13,4853329.94,,-143691.67,333600.7125,0,Germany,احمد الغامدي          
17,1,229477.21,574445497,30206.0,0.0,93166806,5506257.33,5761177.68,199271.21,-25443.14,333600.7125,0,Germany,احمد الغامدي          
181,1,115379.52,1891631776,10917.0,0.0,93166806,5652259.0,5585384.46,104462.52,182254.06,333600.7125,0,Germany,احمد الغامدي          
153,0,2703357.31,1998256068,124072.76,0.0,96415425,11290609.62,13993966.93,2579284.55,0.0,816285.3775,0,Morocco,علي الغامدي          
40,0,787184.25,2065748937,,,96415425,5862354.51,6649538.77,,-0.01,816285.3775,0,Morocco,علي الغامدي          
9,1,272082.76,624830815,152.0,0.0,96415425,16425.0,532846.59,271930.76,-244338.83,816285.3775,0,Morocco,علي الغامدي          
96,0,509445.03,1825241471,,,96415425,6955153.3,7464598.34,,-0.01,816285.3775,0,Morocco,علي الغامدي          
380,1,126907.44,1618463508,,,96415425,16314902.1,16441809.53,,0.01,816285.3775,0,Morocco,علي الغامدي          
44,1,119335.44,205239610,,,96415425,6835817.86,6955153.3,,9.31e-10,816285.3775,0,Morocco,علي الغامدي          
258,0,640462.94,1406083485,18176.01,0.0,96415425,15112868.39,15753331.33,622286.93,0.0,816285.3775,0,Morocco,علي الغامدي          
11,1,111416.94,1993171741,,,96415425,2453722.34,2565139.29,,-0.01,816285.3775,0,Morocco,علي الغامدي          
23,1,267038.34,1314188478,,,107095723,8245668.44,8512706.78,,1.8600000000000002e-09,274853.4888,0,South Africa,سعيد الغامدي          
140,1,234453.42,24285457,,,107095723,8373761.47,8608214.89,,0.0,274853.4888,0,South Africa,سعيد الغامدي          
8,1,97023.67,1662190392,441.0,0.0,107095723,126953.99,324254.48,96582.67,-100276.82,274853.4888,0,South Africa,سعيد الغامدي          
133,1,58021.46,1401289582,,,107095723,8315740.01,8373761.47,,0.0,274853.4888,0,South Africa,سعيد الغامدي          
254,1,44998.67,1349152791,,,107095723,11090270.78,11135269.46,,-0.010000002,274853.4888,0,South Africa,سعيد الغامدي          
201,0,348445.87,1566946866,,,107095723,9031484.29,9379930.16,,-1.8600000000000002e-09,274853.4888,0,South Africa,سعيد الغامدي          
37,1,92447.68,1604952105,176679.0,84231.32,107095723,8890265.82,8982713.5,0.0,0.0,274853.4888,0,South Africa,سعيد الغامدي          
